Year,Song,Artist,Weeks in Charts,lastfm_top_tag,broad_genre
2010,Need You Now,Lady Antebellum,60,country,country
2010,Use Somebody,Kings of Leon,57,rock,rock
2010,I Gotta Feeling,The Black Eyed Peas,56,pop,pop
2010,"""Hey, Soul Sister""",Train,54,rock,rock
2010,You Belong With Me,Taylor Swift,50,country,country
2010,Haven't Met You Yet,Michael Buble,44,jazz,jazz
2010,Breakeven,The Script,43,rock,rock
2010,Down,Jay Sean Featuring Lil Wayne,40,pop,pop
2010,Sexy Chick,David Guetta Featuring Akon,40,house,dance / electronic
2010,TiK ToK,Ke$ha,38,pop,pop
2010,All The Right Moves,OneRepublic,34,pop rock,rock
2010,Bad Romance,Lady Gaga,34,pop,pop
2010,In My Head,Jason Derulo,34,rnb,r&b / soul
2010,Replay,Iyaz,34,pop,pop
2010,Smile,Uncle Kracker,33,rock,rock
2010,Telephone,Lady Gaga Featuring Beyonce,33,pop,pop
2010,I Like It,Enrique Iglesias Featuring Pitbull,32,pop,pop
2010,Whatcha Say,Jason Derulo,32,rnb,r&b / soul
2010,Already Gone,Kelly Clarkson,31,pop,pop
2010,Fallin' For You,Colbie Caillat,31,pop,pop
2010,Fireflies,Owl City,31,electronic,dance / electronic
2010,Airplanes,B.o.B Featuring Hayley Williams,30,hip-hop,hip hop / rap
2010,Empire State Of Mind,Jay-Z + Alicia Keys,30,rap,hip hop / rap
2010,OMG,Usher Featuring will.i.am,30,rnb,r&b / soul
2010,Whataya Want From Me,Adam Lambert,30,pop,pop
2010,Animal,Neon Trees,29,poptron,rock
2010,Break Your Heart,Taio Cruz Featuring Ludacris,29,taio cruz,dance / electronic
2010,Cooler Than Me,Mike Posner,29,hip-hop,hip hop / rap
2010,Dynamite,Taio Cruz,29,dance,dance / electronic
2010,Live Like We're Dying,Kris Allen,29,american idol,folk / acoustic
2010,Say Aah,Trey Songz Featuring Fabolous,29,rnb,r&b / soul
2010,Sweet Dreams,Beyonce,29,pop,pop
2010,Nothin' On You,B.o.B Featuring Bruno Mars,28,hip-hop,hip hop / rap
2010,Party In The U.S.A.,Miley Cyrus,28,pop,pop
2010,Ridin' Solo,Jason Derulo,28,rnb,r&b / soul
2010,Your Love Is My Drug,Ke$ha,28,pop,pop
2010,Billionaire,Travie McCoy Featuring Bruno Mars,27,hip-hop,hip hop / rap
2010,Bulletproof,La Roux,27,electropop,pop
2010,California Gurls,Katy Perry Featuring Snoop Dogg,27,pop,pop
2010,Imma Be,The Black Eyed Peas,27,hip-hop,hip hop / rap
2010,Paparazzi,Lady Gaga,27,pop,pop
2010,Carry Out,Timbaland Featuring Justin Timberlake,26,hip-hop,hip hop / rap
2010,Evacuate The Dancefloor,Cascada,26,dance,dance / electronic
2010,Love The Way You Lie,Eminem Featuring Rihanna,26,955 wkqi,hip hop / rap
2010,Secrets,OneRepublic,26,alternative rock,rock
2010,Tie Me Down,New Boyz Featuring Ray J,26,hip-hop,hip hop / rap
2010,BedRock,Young Money Featuring Lloyd,25,hip-hop,hip hop / rap
2010,Club Can't Handle Me,Flo Rida Featuring David Guetta,25,hip-hop,hip hop / rap
2010,Deuces,Chris Brown Featuring Tyga & Kevin McCall,25,rnb,r&b / soul
2010,Not Afraid,Eminem,25,rap,hip hop / rap
2010,One Time,Justin Bieber,25,justin bieber,pop
2010,There Goes My Baby,Usher,25,rnb,r&b / soul
2010,If I Die Young,The Band Perry,24,country,country
2010,Meet Me Halfway,The Black Eyed Peas,24,pop,pop
2010,Alejandro,Lady Gaga,23,pop,pop
2010,DJ Got Us Fallin' In Love,Usher Featuring Pitbull,23,rnb,r&b / soul
2010,Just The Way You Are,Bruno Mars,22,pop,pop
2010,King Of Anything,Sara Bareilles,22,pop,pop
2010,Rude Boy,Rihanna,22,pop,pop
2010,Someday,Rob Thomas,22,pop,pop
2010,Teenage Dream,Katy Perry,22,pop,pop
2010,According To You,Orianthi,21,rock,rock
2010,Farmer's Daughter,Rodney Atkins,21,country,country
2010,Fifteen,Taylor Swift,21,country,country
2010,Find Your Love,Drake,21,955 wkqi,r&b / soul
2010,Hey Daddy (Daddy's Home),Usher Featuring Plies,21,usher,r&b / soul
2010,How Low,Ludacris,21,hip-hop,hip hop / rap
2010,Naturally,Selena Gomez & The Scene,21,pop,pop
2010,Stuck Like Glue,Sugarland,21,country,country
2010,Two Is Better Than One,Boys Like Girls Featuring Taylor Swift,21,pop punk,rock
2010,"""Lover, Lover""",Jerrod Niemann,20,country,country
2010,3,Britney Spears,20,pop,pop
2010,A Little More Country Than That,Easton Corbin,20,country,country
2010,American Honey,Lady Antebellum,20,country,country
2010,Baby,Justin Bieber Featuring Ludacris,20,pop,pop
2010,Blah Blah Blah,Ke$ha Featuring 3OH!3,20,pop,pop
2010,Break,Three Days Grace,20,alternative rock,rock
2010,Come Back Song,Darius Rucker,20,country,country
2010,Cowboy Casanova,Carrie Underwood,20,country,country
2010,Do I,Luke Bryan,20,country,country
2010,Do You Remember,Jay Sean Featuring Sean Paul & Lil Jon,20,rnb,r&b / soul
2010,Drop The World,Lil Wayne Featuring Eminem,20,hip-hop,hip hop / rap
2010,Fancy,Drake Featuring T.I. & Swizz Beatz,20,2010,hip hop / rap
2010,Gettin' Over You,David Guetta & Chris Willis Featuring Fergie & LMFAO,20,house,dance / electronic
2010,Gettin' You Home,Chris Young,20,country,country
2010,Gimmie That Girl,Joe Nichols,20,country,country
2010,Got Your Back,T.I. Featuring Keri Hilson,20,hip-hop,hip hop / rap
2010,Half Of My Heart,John Mayer,20,singer-songwriter,folk / acoustic
2010,Halfway Gone,Lifehouse,20,rock,rock
2010,Hard,Rihanna Featuring Jeezy,20,pop,pop
2010,Heartbreak Warfare,John Mayer,20,singer-songwriter,folk / acoustic
2010,Hello Good Morning,Diddy - Dirty Money Featuring T.I.,20,hip-hop,hip hop / rap
2010,Highway 20 Ride,Zac Brown Band,20,country,country
2010,Hillbilly Bone,Blake Shelton Featuring Trace Adkins,20,country,country
2010,History In The Making,Darius Rucker,20,country,country
2010,I Am,Mary J. Blige,20,rnb,r&b / soul
2010,I Invented Sex,Trey Songz Featuring Drake,20,rnb,r&b / soul
2010,I Never Told You,Colbie Caillat,20,pop,pop
2010,I Wanna Make You Close Your Eyes,Dierks Bentley,20,country,country
2010,I Will Not Bow,Breaking Benjamin,20,rock,rock
2010,If I Had You,Adam Lambert,20,pop,pop
2010,If It's Love,Train,20,rock,rock
2010,If You Only Knew,Shinedown,20,hard rock,rock
2010,Impossible,Shontelle,20,rnb,r&b / soul
2010,It Kills Me,Melanie Fiona,20,soul,r&b / soul
2010,Letting Go (Dutty Love),Sean Kingston Featuring Nicki Minaj,20,rnb,r&b / soul
2010,Life After You,Daughtry,20,rock,rock
2010,Little White Church,Little Big Town,20,country,country
2010,Love Like Crazy,Lee Brice,20,country,country
2010,Magic,B.o.B Featuring Rivers Cuomo,20,hip-hop,hip hop / rap
2010,Mine,Taylor Swift,20,country,country
2010,Misery,Maroon 5,20,pop rock,rock
2010,Miss Me,Drake Featuring Lil Wayne,20,hip-hop,hip hop / rap
2010,Money To Blow,Birdman Featuring Lil Wayne & Drake,20,hip-hop,hip hop / rap
2010,My Chick Bad,Ludacris Featuring Nicki Minaj,20,hip-hop,hip hop / rap
2010,Neighbors Know My Name,Trey Songz,20,rnb,r&b / soul
2010,Our Kind Of Love,Lady Antebellum,20,country,country
2010,Over,Drake,20,drake,hip hop / rap
2010,Pray For You,Jaron And The Long Road To Love,20,country,country
2010,Pretty Good At Drinkin' Beer,Billy Currington,20,country,country
2010,Rain Is A Good Thing,Luke Bryan,20,country,country
2010,Ride,Ciara Featuring Ludacris,20,rnb,r&b / soul
2010,Say Something,Timbaland Featuring Drake,20,hip-hop,hip hop / rap
2010,September,Daughtry,20,rock,rock
2010,Steady Mobbin',Young Money Featuring Gucci Mane,20,hip-hop,hip hop / rap
2010,Take It Off,Ke$ha,20,pop,pop
2010,Teach Me How To Dougie,Cali Swag District,20,hip-hop,hip hop / rap
2010,Temporary Home,Carrie Underwood,20,country,country
2010,That's How Country Boys Roll,Billy Currington,20,country,country
2010,The House That Built Me,Miranda Lambert,20,country,country
2010,The Man I Want To Be,Chris Young,20,country,country
2010,The Only Exception,Paramore,20,acoustic,folk / acoustic
2010,The Truth,Jason Aldean,20,country,country
2010,This Afternoon,Nickelback,20,rock,rock
2010,Try Sleeping With A Broken Heart,Alicia Keys,20,soul,r&b / soul
2010,Un-Thinkable (I'm Ready),Alicia Keys,20,soul,r&b / soul
2010,Undo It,Carrie Underwood,20,country,country
2010,Uprising,Muse,20,alternative rock,rock
2010,White Liar,Miranda Lambert,20,country,country
2010,Why Don't We Just Dance,Josh Turner,20,country,country
2010,Your Love,Nicki Minaj,20,hip-hop,hip hop / rap
2010,All About Tonight,Blake Shelton,19,country,country
2010,As She's Walking Away,Zac Brown Band Featuring Alan Jackson,19,country,country
2010,Bottoms Up,Trey Songz Featuring Nicki Minaj,19,rnb,r&b / soul
2010,Consider Me Gone,Reba,19,country,country
2010,Free,Zac Brown Band,19,country,country
2010,Gangsta Luv,Snoop Dogg Featuring The-Dream,19,hip-hop,hip hop / rap
2010,I Can Transform Ya,Chris Brown Featuring Lil Wayne & Swizz Beatz,19,rnb,r&b / soul
2010,Like A G6,Far*East Movement Featuring Cataracs & Dev,19,dance,dance / electronic
2010,Little Lion Man,Mumford & Sons,19,folk,folk / acoustic
2010,Love Like Woe,The Ready Set,19,powerpop,dance / electronic
2010,Roll With It,Easton Corbin,19,country,country
2010,Sex Therapy,Robin Thicke,19,soul,r&b / soul
2010,Wasted,Gucci Mane Featuring Plies Or OJ da Juiceman,19,hip-hop,hip hop / rap
2010,Water,Brad Paisley,19,country,country
2010,All Over Me,Josh Turner,18,country,country
2010,Eenie Meenie,Sean Kingston & Justin Bieber,18,electropop,pop
2010,Everything To Me,Monica,18,rnb,r&b / soul
2010,Glitter In The Air,P!nk,18,pop,pop
2010,If We Ever Meet Again,Timbaland Featuring Katy Perry,18,hip-hop,hip hop / rap
2010,Just A Dream,Nelly,18,hip-hop,hip hop / rap
2010,My First Kiss,3OH!3 Featuring Ke$ha,18,electronic,dance / electronic
2010,Right Above It,Lil Wayne Featuring Drake,18,hip-hop,hip hop / rap
2010,Rock That Body,The Black Eyed Peas,18,dance,dance / electronic
2010,She Won't Be Lonely Long,Clay Walker,18,country,country
2010,Shots,LMFAO Featuring Lil Jon,18,electronic,dance / electronic
2010,Solo,Iyaz,18,rnb,r&b / soul
2010,Somebody To Love,Justin Bieber Featuring Usher,18,pop,pop
2010,Southern Voice,Tim McGraw,18,country,country
2010,The Boys of Fall,Kenny Chesney,18,country,country
2010,Today Was A Fairytale,Taylor Swift,18,country,country
2010,Unstoppable,Rascal Flatts,18,country,country
2010,Waka Waka (This Time For Africa),Shakira Featuring Freshlyground,18,pop,pop
2010,Why Wait,Rascal Flatts,18,country,country
2010,Crazy Town,Jason Aldean,17,country,country
2010,Drop It Low,Ester Dean Featuring Chris Brown,17,rnb,r&b / soul
2010,F**k You! (Forget You),CeeLo Green,17,soul,r&b / soul
2010,I'm Going In,Drake Featuring Lil Wayne & Young Jeezy,17,hip-hop,hip hop / rap
2010,Love All Over Me,Monica,17,rnb,r&b / soul
2010,My Kinda Party,Jason Aldean,17,country,country
2010,Never Gonna Be Alone,Nickelback,17,rock,rock
2010,"""Beamer, Benz, Or Bentley""",Lloyd Banks Featuring Juelz Santana,16,rap,hip hop / rap
2010,'Til Summer Comes Around,Keith Urban,16,country,country
2010,Anything Like Me,Brad Paisley,16,country,country
2010,B.M.F. (Blowin' Money Fast),Rick Ross Featuring Styles P,16,hip-hop,hip hop / rap
2010,Hot Tottie,Usher Featuring Jay-Z,16,rnb,r&b / soul
2010,I'm In,Keith Urban,16,country,country
2010,Lil Freak,Usher Featuring Nicki Minaj,16,rnb,r&b / soul
2010,No Love,Eminem Featuring Lil Wayne,16,rap,hip hop / rap
2010,One Less Lonely Girl,Justin Bieber,16,justin bieber,pop
2010,Only Prettier,Miranda Lambert,16,country,country
2010,POWER,Kanye West,16,hip-hop,hip hop / rap
2010,Papers,Usher,16,rnb,r&b / soul
2010,Pretty Boy Swag,Soulja Boy Tell'em,16,hip-hop,hip hop / rap
2010,Red Light,David Nail,16,country,country
